web-scraper-order,web-scraper-start-url,hex
"1681935704-2","https://www.colorhexa.com/color-names","#5d8aa8"
"1681935704-3","https://www.colorhexa.com/color-names","#f0f8ff"
"1681935704-4","https://www.colorhexa.com/color-names","#e32636"
"1681935704-5","https://www.colorhexa.com/color-names","#efdecd"
"1681935704-6","https://www.colorhexa.com/color-names","#e52b50"
"1681935704-7","https://www.colorhexa.com/color-names","#ffbf00"
"1681935704-8","https://www.colorhexa.com/color-names","#ff033e"
"1681935704-9","https://www.colorhexa.com/color-names","#9966cc"
"1681935704-10","https://www.colorhexa.com/color-names","#a4c639"
"1681935704-11","https://www.colorhexa.com/color-names","#f2f3f4"
"1681935704-12","https://www.colorhexa.com/color-names","#cd9575"
"1681935704-13","https://www.colorhexa.com/color-names","#915c83"
"1681935704-14","https://www.colorhexa.com/color-names","#faebd7"
"1681935704-15","https://www.colorhexa.com/color-names","#008000"
"1681935704-16","https://www.colorhexa.com/color-names","#8db600"
"1681935704-17","https://www.colorhexa.com/color-names","#fbceb1"
"1681935704-18","https://www.colorhexa.com/color-names","#00ffff"
"1681935704-19","https://www.colorhexa.com/color-names","#7fffd4"
"1681935704-20","https://www.colorhexa.com/color-names","#4b5320"
"1681935704-21","https://www.colorhexa.com/color-names","#e9d66b"
"1681935704-22","https://www.colorhexa.com/color-names","#b2beb5"
"1681935704-23","https://www.colorhexa.com/color-names","#87a96b"
"1681935704-24","https://www.colorhexa.com/color-names","#ff9966"
"1681935704-25","https://www.colorhexa.com/color-names","#a52a2a"
"1681935704-26","https://www.colorhexa.com/color-names","#fdee00"
"1681935704-27","https://www.colorhexa.com/color-names","#6e7f80"
"1681935704-28","https://www.colorhexa.com/color-names","#ff2052"
"1681935704-29","https://www.colorhexa.com/color-names","#007fff"
"1681935704-30","https://www.colorhexa.com/color-names","#f0ffff"
"1681935704-31","https://www.colorhexa.com/color-names","#89cff0"
"1681935704-32","https://www.colorhexa.com/color-names","#a1caf1"
"1681935704-33","https://www.colorhexa.com/color-names","#f4c2c2"
"1681935704-34","https://www.colorhexa.com/color-names","#21abcd"
"1681935704-35","https://www.colorhexa.com/color-names","#fae7b5"
"1681935704-36","https://www.colorhexa.com/color-names","#ffe135"
"1681935704-37","https://www.colorhexa.com/color-names","#848482"
"1681935704-38","https://www.colorhexa.com/color-names","#98777b"
"1681935704-39","https://www.colorhexa.com/color-names","#bcd4e6"
"1681935704-40","https://www.colorhexa.com/color-names","#9f8170"
"1681935704-41","https://www.colorhexa.com/color-names","#f5f5dc"
"1681935704-42","https://www.colorhexa.com/color-names","#ffe4c4"
"1681935704-43","https://www.colorhexa.com/color-names","#3d2b1f"
"1681935704-44","https://www.colorhexa.com/color-names","#fe6f5e"
"1681935704-45","https://www.colorhexa.com/color-names","#000000"
"1681935704-46","https://www.colorhexa.com/color-names","#ffebcd"
"1681935704-47","https://www.colorhexa.com/color-names","#318ce7"
"1681935704-48","https://www.colorhexa.com/color-names","#ace5ee"
"1681935704-49","https://www.colorhexa.com/color-names","#faf0be"
"1681935704-50","https://www.colorhexa.com/color-names","#0000ff"
"1681935704-51","https://www.colorhexa.com/color-names","#a2a2d0"
"1681935704-52","https://www.colorhexa.com/color-names","#6699cc"
"1681935704-53","https://www.colorhexa.com/color-names","#0d98ba"
"1681935704-54","https://www.colorhexa.com/color-names","#8a2be2"
"1681935704-55","https://www.colorhexa.com/color-names","#8a2be2"
"1681935704-56","https://www.colorhexa.com/color-names","#de5d83"
"1681935704-57","https://www.colorhexa.com/color-names","#79443b"
"1681935704-58","https://www.colorhexa.com/color-names","#0095b6"
"1681935704-59","https://www.colorhexa.com/color-names","#e3dac9"
"1681935704-60","https://www.colorhexa.com/color-names","#cc0000"
"1681935704-61","https://www.colorhexa.com/color-names","#006a4e"
"1681935704-62","https://www.colorhexa.com/color-names","#873260"
"1681935704-63","https://www.colorhexa.com/color-names","#0070ff"
"1681935704-64","https://www.colorhexa.com/color-names","#b5a642"
"1681935704-65","https://www.colorhexa.com/color-names","#cb4154"
"1681935704-66","https://www.colorhexa.com/color-names","#1dacd6"
"1681935704-67","https://www.colorhexa.com/color-names","#66ff00"
"1681935704-68","https://www.colorhexa.com/color-names","#bf94e4"
"1681935704-69","https://www.colorhexa.com/color-names","#c32148"
"1681935704-70","https://www.colorhexa.com/color-names","#ff007f"
"1681935704-71","https://www.colorhexa.com/color-names","#08e8de"
"1681935704-72","https://www.colorhexa.com/color-names","#d19fe8"
"1681935704-73","https://www.colorhexa.com/color-names","#f4bbff"
"1681935704-74","https://www.colorhexa.com/color-names","#ff55a3"
"1681935704-75","https://www.colorhexa.com/color-names","#fb607f"
"1681935704-76","https://www.colorhexa.com/color-names","#004225"
"1681935704-77","https://www.colorhexa.com/color-names","#cd7f32"
"1681935704-78","https://www.colorhexa.com/color-names","#a52a2a"
"1681935704-79","https://www.colorhexa.com/color-names","#ffc1cc"
"1681935704-80","https://www.colorhexa.com/color-names","#e7feff"
"1681935704-81","https://www.colorhexa.com/color-names","#f0dc82"
"1681935704-82","https://www.colorhexa.com/color-names","#480607"
"1681935704-83","https://www.colorhexa.com/color-names","#800020"
"1681935704-84","https://www.colorhexa.com/color-names","#deb887"
"1681935704-85","https://www.colorhexa.com/color-names","#cc5500"
"1681935704-86","https://www.colorhexa.com/color-names","#e97451"
"1681935704-87","https://www.colorhexa.com/color-names","#8a3324"
"1681935704-88","https://www.colorhexa.com/color-names","#bd33a4"
"1681935704-89","https://www.colorhexa.com/color-names","#702963"
"1681935704-90","https://www.colorhexa.com/color-names","#007aa5"
"1681935704-91","https://www.colorhexa.com/color-names","#e03c31"
"1681935704-92","https://www.colorhexa.com/color-names","#536872"
"1681935704-93","https://www.colorhexa.com/color-names","#5f9ea0"
"1681935704-94","https://www.colorhexa.com/color-names","#91a3b0"
"1681935704-95","https://www.colorhexa.com/color-names","#006b3c"
"1681935704-96","https://www.colorhexa.com/color-names","#ed872d"
"1681935704-97","https://www.colorhexa.com/color-names","#e30022"
"1681935704-98","https://www.colorhexa.com/color-names","#fff600"
"1681935704-99","https://www.colorhexa.com/color-names","#a67b5b"
"1681935704-100","https://www.colorhexa.com/color-names","#4b3621"
"1681935704-101","https://www.colorhexa.com/color-names","#1e4d2b"
"1681935704-102","https://www.colorhexa.com/color-names","#a3c1ad"
"1681935704-103","https://www.colorhexa.com/color-names","#c19a6b"
"1681935704-104","https://www.colorhexa.com/color-names","#78866b"
"1681935704-105","https://www.colorhexa.com/color-names","#ffff99"
"1681935704-106","https://www.colorhexa.com/color-names","#ffef00"
"1681935704-107","https://www.colorhexa.com/color-names","#ff0800"
"1681935704-108","https://www.colorhexa.com/color-names","#e4717a"
"1681935704-109","https://www.colorhexa.com/color-names","#00bfff"
"1681935704-110","https://www.colorhexa.com/color-names","#592720"
"1681935704-111","https://www.colorhexa.com/color-names","#c41e3a"
"1681935704-112","https://www.colorhexa.com/color-names","#00cc99"
"1681935704-113","https://www.colorhexa.com/color-names","#ff0040"
"1681935704-114","https://www.colorhexa.com/color-names","#eb4c42"
"1681935704-115","https://www.colorhexa.com/color-names","#ff0038"
"1681935704-116","https://www.colorhexa.com/color-names","#ffa6c9"
"1681935704-117","https://www.colorhexa.com/color-names","#b31b1b"
"1681935704-118","https://www.colorhexa.com/color-names","#99badd"
"1681935704-119","https://www.colorhexa.com/color-names","#ed9121"
"1681935704-120","https://www.colorhexa.com/color-names","#ace1af"
"1681935704-121","https://www.colorhexa.com/color-names","#b2ffff"
"1681935704-122","https://www.colorhexa.com/color-names","#4997d0"
"1681935704-123","https://www.colorhexa.com/color-names","#de3163"
"1681935704-124","https://www.colorhexa.com/color-names","#ec3b83"
"1681935704-125","https://www.colorhexa.com/color-names","#007ba7"
"1681935704-126","https://www.colorhexa.com/color-names","#2a52be"
"1681935704-127","https://www.colorhexa.com/color-names","#a0785a"
"1681935704-128","https://www.colorhexa.com/color-names","#fad6a5"
"1681935704-129","https://www.colorhexa.com/color-names","#36454f"
"1681935704-130","https://www.colorhexa.com/color-names","#7fff00"
"1681935704-131","https://www.colorhexa.com/color-names","#de3163"
"1681935704-132","https://www.colorhexa.com/color-names","#ffb7c5"
"1681935704-133","https://www.colorhexa.com/color-names","#cd5c5c"
"1681935704-134","https://www.colorhexa.com/color-names","#d2691e"
"1681935704-135","https://www.colorhexa.com/color-names","#ffa700"
"1681935704-136","https://www.colorhexa.com/color-names","#98817b"
"1681935704-137","https://www.colorhexa.com/color-names","#e34234"
"1681935704-138","https://www.colorhexa.com/color-names","#d2691e"
"1681935704-139","https://www.colorhexa.com/color-names","#e4d00a"
"1681935704-140","https://www.colorhexa.com/color-names","#fbcce7"
"1681935704-141","https://www.colorhexa.com/color-names","#0047ab"
"1681935704-142","https://www.colorhexa.com/color-names","#d2691e"
"1681935704-143","https://www.colorhexa.com/color-names","#6f4e37"
"1681935704-144","https://www.colorhexa.com/color-names","#9bddff"
"1681935704-145","https://www.colorhexa.com/color-names","#002e63"
"1681935704-146","https://www.colorhexa.com/color-names","#8c92ac"
"1681935704-147","https://www.colorhexa.com/color-names","#b87333"
"1681935704-148","https://www.colorhexa.com/color-names","#996666"
"1681935704-149","https://www.colorhexa.com/color-names","#ff3800"
"1681935704-150","https://www.colorhexa.com/color-names","#ff7f50"
"1681935704-151","https://www.colorhexa.com/color-names","#f88379"
"1681935704-152","https://www.colorhexa.com/color-names","#ff4040"
"1681935704-153","https://www.colorhexa.com/color-names","#893f45"
"1681935704-154","https://www.colorhexa.com/color-names","#fbec5d"
"1681935704-155","https://www.colorhexa.com/color-names","#b31b1b"
"1681935704-156","https://www.colorhexa.com/color-names","#9aceeb"
"1681935704-157","https://www.colorhexa.com/color-names","#6495ed"
"1681935704-158","https://www.colorhexa.com/color-names","#fff8dc"
"1681935704-159","https://www.colorhexa.com/color-names","#fff8e7"
"1681935704-160","https://www.colorhexa.com/color-names","#ffbcd9"
"1681935704-161","https://www.colorhexa.com/color-names","#fffdd0"
"1681935704-162","https://www.colorhexa.com/color-names","#dc143c"
"1681935704-163","https://www.colorhexa.com/color-names","#990000"
"1681935704-164","https://www.colorhexa.com/color-names","#be0032"
"1681935704-165","https://www.colorhexa.com/color-names","#00ffff"
"1681935704-166","https://www.colorhexa.com/color-names","#ffff31"
"1681935704-167","https://www.colorhexa.com/color-names","#f0e130"
"1681935704-168","https://www.colorhexa.com/color-names","#00008b"
"1681935704-169","https://www.colorhexa.com/color-names","#654321"
"1681935704-170","https://www.colorhexa.com/color-names","#5d3954"
"1681935704-171","https://www.colorhexa.com/color-names","#a40000"
"1681935704-172","https://www.colorhexa.com/color-names","#08457e"
"1681935704-173","https://www.colorhexa.com/color-names","#986960"
"1681935704-174","https://www.colorhexa.com/color-names","#cd5b45"
"1681935704-175","https://www.colorhexa.com/color-names","#008b8b"
"1681935704-176","https://www.colorhexa.com/color-names","#536878"
"1681935704-177","https://www.colorhexa.com/color-names","#b8860b"
"1681935704-178","https://www.colorhexa.com/color-names","#a9a9a9"
"1681935704-179","https://www.colorhexa.com/color-names","#013220"
"1681935704-180","https://www.colorhexa.com/color-names","#1a2421"
"1681935704-181","https://www.colorhexa.com/color-names","#bdb76b"
"1681935704-182","https://www.colorhexa.com/color-names","#483c32"
"1681935704-183","https://www.colorhexa.com/color-names","#734f96"
"1681935704-184","https://www.colorhexa.com/color-names","#8b008b"
"1681935704-185","https://www.colorhexa.com/color-names","#003366"
"1681935704-186","https://www.colorhexa.com/color-names","#556b2f"
"1681935704-187","https://www.colorhexa.com/color-names","#ff8c00"
"1681935704-188","https://www.colorhexa.com/color-names","#9932cc"
"1681935704-189","https://www.colorhexa.com/color-names","#779ecb"
"1681935704-190","https://www.colorhexa.com/color-names","#03c03c"
"1681935704-191","https://www.colorhexa.com/color-names","#966fd6"
"1681935704-192","https://www.colorhexa.com/color-names","#c23b22"
"1681935704-193","https://www.colorhexa.com/color-names","#e75480"
"1681935704-194","https://www.colorhexa.com/color-names","#003399"
"1681935704-195","https://www.colorhexa.com/color-names","#872657"
"1681935704-196","https://www.colorhexa.com/color-names","#8b0000"
"1681935704-197","https://www.colorhexa.com/color-names","#e9967a"
"1681935704-198","https://www.colorhexa.com/color-names","#560319"
"1681935704-199","https://www.colorhexa.com/color-names","#8fbc8f"
"1681935704-200","https://www.colorhexa.com/color-names","#3c1414"
"1681935704-201","https://www.colorhexa.com/color-names","#483d8b"
"1681935704-202","https://www.colorhexa.com/color-names","#2f4f4f"
"1681935704-203","https://www.colorhexa.com/color-names","#177245"
"1681935704-204","https://www.colorhexa.com/color-names","#918151"
"1681935704-205","https://www.colorhexa.com/color-names","#ffa812"
"1681935704-206","https://www.colorhexa.com/color-names","#483c32"
"1681935704-207","https://www.colorhexa.com/color-names","#cc4e5c"
"1681935704-208","https://www.colorhexa.com/color-names","#00ced1"
"1681935704-209","https://www.colorhexa.com/color-names","#9400d3"
"1681935704-210","https://www.colorhexa.com/color-names","#00693e"
"1681935704-211","https://www.colorhexa.com/color-names","#555555"
"1681935704-212","https://www.colorhexa.com/color-names","#d70a53"
"1681935704-213","https://www.colorhexa.com/color-names","#a9203e"
"1681935704-214","https://www.colorhexa.com/color-names","#ef3038"
"1681935704-215","https://www.colorhexa.com/color-names","#e9692c"
"1681935704-216","https://www.colorhexa.com/color-names","#da3287"
"1681935704-217","https://www.colorhexa.com/color-names","#fad6a5"
"1681935704-218","https://www.colorhexa.com/color-names","#b94e48"
"1681935704-219","https://www.colorhexa.com/color-names","#704241"
"1681935704-220","https://www.colorhexa.com/color-names","#c154c1"
"1681935704-221","https://www.colorhexa.com/color-names","#004b49"
"1681935704-222","https://www.colorhexa.com/color-names","#9955bb"
"1681935704-223","https://www.colorhexa.com/color-names","#cc00cc"
"1681935704-224","https://www.colorhexa.com/color-names","#ffcba4"
"1681935704-225","https://www.colorhexa.com/color-names","#ff1493"
"1681935704-226","https://www.colorhexa.com/color-names","#ff9933"
"1681935704-227","https://www.colorhexa.com/color-names","#00bfff"
"1681935704-228","https://www.colorhexa.com/color-names","#1560bd"
"1681935704-229","https://www.colorhexa.com/color-names","#c19a6b"
"1681935704-230","https://www.colorhexa.com/color-names","#edc9af"
"1681935704-231","https://www.colorhexa.com/color-names","#696969"
"1681935704-232","https://www.colorhexa.com/color-names","#1e90ff"
"1681935704-233","https://www.colorhexa.com/color-names","#d71868"
"1681935704-234","https://www.colorhexa.com/color-names","#85bb65"
"1681935704-235","https://www.colorhexa.com/color-names","#967117"
"1681935704-236","https://www.colorhexa.com/color-names","#00009c"
"1681935704-237","https://www.colorhexa.com/color-names","#e1a95f"
"1681935704-238","https://www.colorhexa.com/color-names","#c2b280"
"1681935704-239","https://www.colorhexa.com/color-names","#614051"
"1681935704-240","https://www.colorhexa.com/color-names","#f0ead6"
"1681935704-241","https://www.colorhexa.com/color-names","#1034a6"
"1681935704-242","https://www.colorhexa.com/color-names","#7df9ff"
"1681935704-243","https://www.colorhexa.com/color-names","#ff003f"
"1681935704-244","https://www.colorhexa.com/color-names","#00ffff"
"1681935704-245","https://www.colorhexa.com/color-names","#00ff00"
"1681935704-246","https://www.colorhexa.com/color-names","#6f00ff"
"1681935704-247","https://www.colorhexa.com/color-names","#f4bbff"
"1681935704-248","https://www.colorhexa.com/color-names","#ccff00"
"1681935704-249","https://www.colorhexa.com/color-names","#bf00ff"
"1681935704-250","https://www.colorhexa.com/color-names","#3f00ff"
"1681935704-251","https://www.colorhexa.com/color-names","#8f00ff"
"1681935704-252","https://www.colorhexa.com/color-names","#ffff00"
"1681935704-253","https://www.colorhexa.com/color-names","#50c878"
"1681935704-254","https://www.colorhexa.com/color-names","#96c8a2"
"1681935704-255","https://www.colorhexa.com/color-names","#c19a6b"
"1681935704-256","https://www.colorhexa.com/color-names","#801818"
"1681935704-257","https://www.colorhexa.com/color-names","#ff00ff"
"1681935704-258","https://www.colorhexa.com/color-names","#b53389"
"1681935704-259","https://www.colorhexa.com/color-names","#f400a1"
"1681935704-260","https://www.colorhexa.com/color-names","#e5aa70"
"1681935704-261","https://www.colorhexa.com/color-names","#4d5d53"
"1681935704-262","https://www.colorhexa.com/color-names","#71bc78"
"1681935704-263","https://www.colorhexa.com/color-names","#4f7942"
"1681935704-264","https://www.colorhexa.com/color-names","#ff2800"
"1681935704-265","https://www.colorhexa.com/color-names","#6c541e"
"1681935704-266","https://www.colorhexa.com/color-names","#ce2029"
"1681935704-267","https://www.colorhexa.com/color-names","#b22222"
"1681935704-268","https://www.colorhexa.com/color-names","#e25822"
"1681935704-269","https://www.colorhexa.com/color-names","#fc8eac"
"1681935704-270","https://www.colorhexa.com/color-names","#f7e98e"
"1681935704-271","https://www.colorhexa.com/color-names","#eedc82"
"1681935704-272","https://www.colorhexa.com/color-names","#fffaf0"
"1681935704-273","https://www.colorhexa.com/color-names","#ffbf00"
"1681935704-274","https://www.colorhexa.com/color-names","#ff1493"
"1681935704-275","https://www.colorhexa.com/color-names","#ccff00"
"1681935704-276","https://www.colorhexa.com/color-names","#ff004f"
"1681935704-277","https://www.colorhexa.com/color-names","#228b22"
"1681935704-278","https://www.colorhexa.com/color-names","#a67b5b"
"1681935704-279","https://www.colorhexa.com/color-names","#0072bb"
"1681935704-280","https://www.colorhexa.com/color-names","#86608e"
"1681935704-281","https://www.colorhexa.com/color-names","#f64a8a"
"1681935704-282","https://www.colorhexa.com/color-names","#ff00ff"
"1681935704-283","https://www.colorhexa.com/color-names","#ff77ff"
"1681935704-284","https://www.colorhexa.com/color-names","#e48400"
"1681935704-285","https://www.colorhexa.com/color-names","#cc6666"
"1681935704-286","https://www.colorhexa.com/color-names","#dcdcdc"
"1681935704-287","https://www.colorhexa.com/color-names","#e49b0f"
"1681935704-288","https://www.colorhexa.com/color-names","#f8f8ff"
"1681935704-289","https://www.colorhexa.com/color-names","#b06500"
"1681935704-290","https://www.colorhexa.com/color-names","#6082b6"
"1681935704-291","https://www.colorhexa.com/color-names","#e6e8fa"
"1681935704-292","https://www.colorhexa.com/color-names","#ffd700"
"1681935704-293","https://www.colorhexa.com/color-names","#996515"
"1681935704-294","https://www.colorhexa.com/color-names","#fcc200"
"1681935704-295","https://www.colorhexa.com/color-names","#ffdf00"
"1681935704-296","https://www.colorhexa.com/color-names","#daa520"
"1681935704-297","https://www.colorhexa.com/color-names","#a8e4a0"
"1681935704-298","https://www.colorhexa.com/color-names","#808080"
"1681935704-299","https://www.colorhexa.com/color-names","#465945"
"1681935704-300","https://www.colorhexa.com/color-names","#00ff00"
"1681935704-301","https://www.colorhexa.com/color-names","#1164b4"
"1681935704-302","https://www.colorhexa.com/color-names","#adff2f"
"1681935704-303","https://www.colorhexa.com/color-names","#a99a86"
"1681935704-304","https://www.colorhexa.com/color-names","#00ff7f"
"1681935704-305","https://www.colorhexa.com/color-names","#663854"
"1681935704-306","https://www.colorhexa.com/color-names","#446ccf"
"1681935704-307","https://www.colorhexa.com/color-names","#5218fa"
"1681935704-308","https://www.colorhexa.com/color-names","#e9d66b"
"1681935704-309","https://www.colorhexa.com/color-names","#3fff00"
"1681935704-310","https://www.colorhexa.com/color-names","#c90016"
"1681935704-311","https://www.colorhexa.com/color-names","#da9100"
"1681935704-312","https://www.colorhexa.com/color-names","#808000"
"1681935704-313","https://www.colorhexa.com/color-names","#df73ff"
"1681935704-314","https://www.colorhexa.com/color-names","#f400a1"
"1681935704-315","https://www.colorhexa.com/color-names","#f0fff0"
"1681935704-316","https://www.colorhexa.com/color-names","#49796b"
"1681935704-317","https://www.colorhexa.com/color-names","#ff1dce"
"1681935704-318","https://www.colorhexa.com/color-names","#ff69b4"
"1681935704-319","https://www.colorhexa.com/color-names","#355e3b"
"1681935704-320","https://www.colorhexa.com/color-names","#fcf75e"
"1681935704-321","https://www.colorhexa.com/color-names","#b2ec5d"
"1681935704-322","https://www.colorhexa.com/color-names","#138808"
"1681935704-323","https://www.colorhexa.com/color-names","#cd5c5c"
"1681935704-324","https://www.colorhexa.com/color-names","#e3a857"
"1681935704-325","https://www.colorhexa.com/color-names","#4b0082"
"1681935704-326","https://www.colorhexa.com/color-names","#002fa7"
"1681935704-327","https://www.colorhexa.com/color-names","#ff4f00"
"1681935704-328","https://www.colorhexa.com/color-names","#5a4fcf"
"1681935704-329","https://www.colorhexa.com/color-names","#f4f0ec"
"1681935704-330","https://www.colorhexa.com/color-names","#009000"
"1681935704-331","https://www.colorhexa.com/color-names","#fffff0"
"1681935704-332","https://www.colorhexa.com/color-names","#00a86b"
"1681935704-333","https://www.colorhexa.com/color-names","#f8de7e"
"1681935704-334","https://www.colorhexa.com/color-names","#d73b3e"
"1681935704-335","https://www.colorhexa.com/color-names","#a50b5e"
"1681935704-336","https://www.colorhexa.com/color-names","#fada5e"
"1681935704-337","https://www.colorhexa.com/color-names","#bdda57"
"1681935704-338","https://www.colorhexa.com/color-names","#29ab87"
"1681935704-339","https://www.colorhexa.com/color-names","#e8000d"
"1681935704-340","https://www.colorhexa.com/color-names","#4cbb17"
"1681935704-341","https://www.colorhexa.com/color-names","#c3b091"
"1681935704-342","https://www.colorhexa.com/color-names","#087830"
"1681935704-343","https://www.colorhexa.com/color-names","#d6cadd"
"1681935704-344","https://www.colorhexa.com/color-names","#26619c"
"1681935704-345","https://www.colorhexa.com/color-names","#fefe22"
"1681935704-346","https://www.colorhexa.com/color-names","#a9ba9d"
"1681935704-347","https://www.colorhexa.com/color-names","#cf1020"
"1681935704-348","https://www.colorhexa.com/color-names","#e6e6fa"
"1681935704-349","https://www.colorhexa.com/color-names","#ccccff"
"1681935704-350","https://www.colorhexa.com/color-names","#fff0f5"
"1681935704-351","https://www.colorhexa.com/color-names","#c4c3d0"
"1681935704-352","https://www.colorhexa.com/color-names","#9457eb"
"1681935704-353","https://www.colorhexa.com/color-names","#ee82ee"
"1681935704-354","https://www.colorhexa.com/color-names","#e6e6fa"
"1681935704-355","https://www.colorhexa.com/color-names","#fbaed2"
"1681935704-356","https://www.colorhexa.com/color-names","#967bb6"
"1681935704-357","https://www.colorhexa.com/color-names","#fba0e3"
"1681935704-358","https://www.colorhexa.com/color-names","#7cfc00"
"1681935704-359","https://www.colorhexa.com/color-names","#fff700"
"1681935704-360","https://www.colorhexa.com/color-names","#fff44f"
"1681935704-361","https://www.colorhexa.com/color-names","#fffacd"
"1681935704-362","https://www.colorhexa.com/color-names","#bfff00"
"1681935704-363","https://www.colorhexa.com/color-names","#f56991"
"1681935704-364","https://www.colorhexa.com/color-names","#e68fac"
"1681935704-365","https://www.colorhexa.com/color-names","#fdd5b1"
"1681935704-366","https://www.colorhexa.com/color-names","#add8e6"
"1681935704-367","https://www.colorhexa.com/color-names","#b5651d"
"1681935704-368","https://www.colorhexa.com/color-names","#e66771"
"1681935704-369","https://www.colorhexa.com/color-names","#f08080"
"1681935704-370","https://www.colorhexa.com/color-names","#93ccea"
"1681935704-371","https://www.colorhexa.com/color-names","#e0ffff"
"1681935704-372","https://www.colorhexa.com/color-names","#f984ef"
"1681935704-373","https://www.colorhexa.com/color-names","#fafad2"
"1681935704-374","https://www.colorhexa.com/color-names","#d3d3d3"
"1681935704-375","https://www.colorhexa.com/color-names","#90ee90"
"1681935704-376","https://www.colorhexa.com/color-names","#f0e68c"
"1681935704-377","https://www.colorhexa.com/color-names","#b19cd9"
"1681935704-378","https://www.colorhexa.com/color-names","#ffb6c1"
"1681935704-379","https://www.colorhexa.com/color-names","#ffa07a"
"1681935704-380","https://www.colorhexa.com/color-names","#ff9999"
"1681935704-381","https://www.colorhexa.com/color-names","#20b2aa"
"1681935704-382","https://www.colorhexa.com/color-names","#87cefa"
"1681935704-383","https://www.colorhexa.com/color-names","#778899"
"1681935704-384","https://www.colorhexa.com/color-names","#b38b6d"
"1681935704-385","https://www.colorhexa.com/color-names","#ffffed"
"1681935704-386","https://www.colorhexa.com/color-names","#c8a2c8"
"1681935704-387","https://www.colorhexa.com/color-names","#bfff00"
"1681935704-388","https://www.colorhexa.com/color-names","#32cd32"
"1681935704-389","https://www.colorhexa.com/color-names","#195905"
"1681935704-390","https://www.colorhexa.com/color-names","#faf0e6"
"1681935704-391","https://www.colorhexa.com/color-names","#c19a6b"
"1681935704-392","https://www.colorhexa.com/color-names","#534b4f"
"1681935704-393","https://www.colorhexa.com/color-names","#e62020"
"1681935704-394","https://www.colorhexa.com/color-names","#18453b"
"1681935704-395","https://www.colorhexa.com/color-names","#ffbd88"
"1681935704-396","https://www.colorhexa.com/color-names","#ff00ff"
"1681935704-397","https://www.colorhexa.com/color-names","#aaf0d1"
"1681935704-398","https://www.colorhexa.com/color-names","#f8f4ff"
"1681935704-399","https://www.colorhexa.com/color-names","#c04000"
"1681935704-400","https://www.colorhexa.com/color-names","#fbec5d"
"1681935704-401","https://www.colorhexa.com/color-names","#6050dc"
"1681935704-402","https://www.colorhexa.com/color-names","#0bda51"
"1681935704-403","https://www.colorhexa.com/color-names","#979aaa"
"1681935704-404","https://www.colorhexa.com/color-names","#ff8243"
"1681935704-405","https://www.colorhexa.com/color-names","#74c365"
"1681935704-406","https://www.colorhexa.com/color-names","#800000"
"1681935704-407","https://www.colorhexa.com/color-names","#e0b0ff"
"1681935704-408","https://www.colorhexa.com/color-names","#915f6d"
"1681935704-409","https://www.colorhexa.com/color-names","#ef98aa"
"1681935704-410","https://www.colorhexa.com/color-names","#73c2fb"
"1681935704-411","https://www.colorhexa.com/color-names","#e5b73b"
"1681935704-412","https://www.colorhexa.com/color-names","#0067a5"
"1681935704-413","https://www.colorhexa.com/color-names","#66ddaa"
"1681935704-414","https://www.colorhexa.com/color-names","#0000cd"
"1681935704-415","https://www.colorhexa.com/color-names","#e2062c"
"1681935704-416","https://www.colorhexa.com/color-names","#af4035"
"1681935704-417","https://www.colorhexa.com/color-names","#f3e5ab"
"1681935704-418","https://www.colorhexa.com/color-names","#035096"
"1681935704-419","https://www.colorhexa.com/color-names","#1c352d"
"1681935704-420","https://www.colorhexa.com/color-names","#dda0dd"
"1681935704-421","https://www.colorhexa.com/color-names","#ba55d3"
"1681935704-422","https://www.colorhexa.com/color-names","#9370db"
"1681935704-423","https://www.colorhexa.com/color-names","#bb3385"
"1681935704-424","https://www.colorhexa.com/color-names","#3cb371"
"1681935704-425","https://www.colorhexa.com/color-names","#7b68ee"
"1681935704-426","https://www.colorhexa.com/color-names","#c9dc87"
"1681935704-427","https://www.colorhexa.com/color-names","#00fa9a"
"1681935704-428","https://www.colorhexa.com/color-names","#674c47"
"1681935704-429","https://www.colorhexa.com/color-names","#0054b4"
"1681935704-430","https://www.colorhexa.com/color-names","#48d1cc"
"1681935704-431","https://www.colorhexa.com/color-names","#c71585"
"1681935704-432","https://www.colorhexa.com/color-names","#fdbcb4"
"1681935704-433","https://www.colorhexa.com/color-names","#191970"
"1681935704-434","https://www.colorhexa.com/color-names","#004953"
"1681935704-435","https://www.colorhexa.com/color-names","#ffc40c"
"1681935704-436","https://www.colorhexa.com/color-names","#3eb489"
"1681935704-437","https://www.colorhexa.com/color-names","#f5fffa"
"1681935704-438","https://www.colorhexa.com/color-names","#98ff98"
"1681935704-439","https://www.colorhexa.com/color-names","#ffe4e1"
"1681935704-440","https://www.colorhexa.com/color-names","#faebd7"
"1681935704-441","https://www.colorhexa.com/color-names","#967117"
"1681935704-442","https://www.colorhexa.com/color-names","#73a9c2"
"1681935704-443","https://www.colorhexa.com/color-names","#ae0c00"
"1681935704-444","https://www.colorhexa.com/color-names","#addfad"
"1681935704-445","https://www.colorhexa.com/color-names","#30ba8f"
"1681935704-446","https://www.colorhexa.com/color-names","#997a8d"
"1681935704-447","https://www.colorhexa.com/color-names","#c54b8c"
"1681935704-448","https://www.colorhexa.com/color-names","#f2f3f4"
"1681935704-449","https://www.colorhexa.com/color-names","#ffdb58"
"1681935704-450","https://www.colorhexa.com/color-names","#21421e"
"1681935704-451","https://www.colorhexa.com/color-names","#f6adc6"
"1681935704-452","https://www.colorhexa.com/color-names","#2a8000"
"1681935704-453","https://www.colorhexa.com/color-names","#fada5e"
"1681935704-454","https://www.colorhexa.com/color-names","#ffdead"
"1681935704-455","https://www.colorhexa.com/color-names","#000080"
"1681935704-456","https://www.colorhexa.com/color-names","#ffa343"
"1681935704-457","https://www.colorhexa.com/color-names","#fe59c2"
"1681935704-458","https://www.colorhexa.com/color-names","#39ff14"
"1681935704-459","https://www.colorhexa.com/color-names","#a4dded"
"1681935704-460","https://www.colorhexa.com/color-names","#059033"
"1681935704-461","https://www.colorhexa.com/color-names","#0077be"
"1681935704-462","https://www.colorhexa.com/color-names","#cc7722"
"1681935704-463","https://www.colorhexa.com/color-names","#008000"
"1681935704-464","https://www.colorhexa.com/color-names","#cfb53b"
"1681935704-465","https://www.colorhexa.com/color-names","#fdf5e6"
"1681935704-466","https://www.colorhexa.com/color-names","#796878"
"1681935704-467","https://www.colorhexa.com/color-names","#673147"
"1681935704-468","https://www.colorhexa.com/color-names","#c08081"
"1681935704-469","https://www.colorhexa.com/color-names","#808000"
"1681935704-470","https://www.colorhexa.com/color-names","#6b8e23"
"1681935704-471","https://www.colorhexa.com/color-names","#bab86c"
"1681935704-472","https://www.colorhexa.com/color-names","#9ab973"
"1681935704-473","https://www.colorhexa.com/color-names","#0f0f0f"
"1681935704-474","https://www.colorhexa.com/color-names","#b784a7"
"1681935704-475","https://www.colorhexa.com/color-names","#ffa500"
"1681935704-476","https://www.colorhexa.com/color-names","#f8d568"
"1681935704-477","https://www.colorhexa.com/color-names","#ff9f00"
"1681935704-478","https://www.colorhexa.com/color-names","#ff4500"
"1681935704-479","https://www.colorhexa.com/color-names","#da70d6"
"1681935704-480","https://www.colorhexa.com/color-names","#654321"
"1681935704-481","https://www.colorhexa.com/color-names","#414a4c"
"1681935704-482","https://www.colorhexa.com/color-names","#ff6e4a"
"1681935704-483","https://www.colorhexa.com/color-names","#002147"
"1681935704-484","https://www.colorhexa.com/color-names","#1ca9c9"
"1681935704-485","https://www.colorhexa.com/color-names","#006600"
"1681935704-486","https://www.colorhexa.com/color-names","#273be2"
"1681935704-487","https://www.colorhexa.com/color-names","#682860"
"1681935704-488","https://www.colorhexa.com/color-names","#bcd4e6"
"1681935704-489","https://www.colorhexa.com/color-names","#afeeee"
"1681935704-490","https://www.colorhexa.com/color-names","#987654"
"1681935704-491","https://www.colorhexa.com/color-names","#af4035"
"1681935704-492","https://www.colorhexa.com/color-names","#9bc4e2"
"1681935704-493","https://www.colorhexa.com/color-names","#ddadaf"
"1681935704-494","https://www.colorhexa.com/color-names","#da8a67"
"1681935704-495","https://www.colorhexa.com/color-names","#abcdef"
"1681935704-496","https://www.colorhexa.com/color-names","#e6be8a"
"1681935704-497","https://www.colorhexa.com/color-names","#eee8aa"
"1681935704-498","https://www.colorhexa.com/color-names","#98fb98"
"1681935704-499","https://www.colorhexa.com/color-names","#dcd0ff"
"1681935704-500","https://www.colorhexa.com/color-names","#f984e5"
"1681935704-501","https://www.colorhexa.com/color-names","#fadadd"
"1681935704-502","https://www.colorhexa.com/color-names","#dda0dd"
"1681935704-503","https://www.colorhexa.com/color-names","#db7093"
"1681935704-504","https://www.colorhexa.com/color-names","#96ded1"
"1681935704-505","https://www.colorhexa.com/color-names","#c9c0bb"
"1681935704-506","https://www.colorhexa.com/color-names","#ecebbd"
"1681935704-507","https://www.colorhexa.com/color-names","#bc987e"
"1681935704-508","https://www.colorhexa.com/color-names","#db7093"
"1681935704-509","https://www.colorhexa.com/color-names","#78184a"
"1681935704-510","https://www.colorhexa.com/color-names","#ffefd5"
"1681935704-511","https://www.colorhexa.com/color-names","#50c878"
"1681935704-512","https://www.colorhexa.com/color-names","#aec6cf"
"1681935704-513","https://www.colorhexa.com/color-names","#836953"
"1681935704-514","https://www.colorhexa.com/color-names","#cfcfc4"
"1681935704-515","https://www.colorhexa.com/color-names","#77dd77"
"1681935704-516","https://www.colorhexa.com/color-names","#f49ac2"
"1681935704-517","https://www.colorhexa.com/color-names","#ffb347"
"1681935704-518","https://www.colorhexa.com/color-names","#ffd1dc"
"1681935704-519","https://www.colorhexa.com/color-names","#b39eb5"
"1681935704-520","https://www.colorhexa.com/color-names","#ff6961"
"1681935704-521","https://www.colorhexa.com/color-names","#cb99c9"
"1681935704-522","https://www.colorhexa.com/color-names","#fdfd96"
"1681935704-523","https://www.colorhexa.com/color-names","#800080"
"1681935704-524","https://www.colorhexa.com/color-names","#536878"
"1681935704-525","https://www.colorhexa.com/color-names","#ffe5b4"
"1681935704-526","https://www.colorhexa.com/color-names","#ffdab9"
"1681935704-527","https://www.colorhexa.com/color-names","#fadfad"
"1681935704-528","https://www.colorhexa.com/color-names","#d1e231"
"1681935704-529","https://www.colorhexa.com/color-names","#eae0c8"
"1681935704-530","https://www.colorhexa.com/color-names","#88d8c0"
"1681935704-531","https://www.colorhexa.com/color-names","#e6e200"
"1681935704-532","https://www.colorhexa.com/color-names","#ccccff"
"1681935704-533","https://www.colorhexa.com/color-names","#1c39bb"
"1681935704-534","https://www.colorhexa.com/color-names","#32127a"
"1681935704-535","https://www.colorhexa.com/color-names","#d99058"
"1681935704-536","https://www.colorhexa.com/color-names","#f77fbe"
"1681935704-537","https://www.colorhexa.com/color-names","#701c1c"
"1681935704-538","https://www.colorhexa.com/color-names","#cc3333"
"1681935704-539","https://www.colorhexa.com/color-names","#fe28a2"
"1681935704-540","https://www.colorhexa.com/color-names","#df00ff"
"1681935704-541","https://www.colorhexa.com/color-names","#000f89"
"1681935704-542","https://www.colorhexa.com/color-names","#123524"
"1681935704-543","https://www.colorhexa.com/color-names","#fddde6"
"1681935704-544","https://www.colorhexa.com/color-names","#01796f"
"1681935704-545","https://www.colorhexa.com/color-names","#ffc0cb"
"1681935704-546","https://www.colorhexa.com/color-names","#fc74fd"
"1681935704-547","https://www.colorhexa.com/color-names","#f78fa7"
"1681935704-548","https://www.colorhexa.com/color-names","#e7accf"
"1681935704-549","https://www.colorhexa.com/color-names","#93c572"
"1681935704-550","https://www.colorhexa.com/color-names","#e5e4e2"
"1681935704-551","https://www.colorhexa.com/color-names","#dda0dd"
"1681935704-552","https://www.colorhexa.com/color-names","#ff5a36"
"1681935704-553","https://www.colorhexa.com/color-names","#b0e0e6"
"1681935704-554","https://www.colorhexa.com/color-names","#ff8f00"
"1681935704-555","https://www.colorhexa.com/color-names","#003153"
"1681935704-556","https://www.colorhexa.com/color-names","#df00ff"
"1681935704-557","https://www.colorhexa.com/color-names","#cc8899"
"1681935704-558","https://www.colorhexa.com/color-names","#ff7518"
"1681935704-559","https://www.colorhexa.com/color-names","#800080"
"1681935704-560","https://www.colorhexa.com/color-names","#69359c"
"1681935704-561","https://www.colorhexa.com/color-names","#9d81ba"
"1681935704-562","https://www.colorhexa.com/color-names","#9678b6"
"1681935704-563","https://www.colorhexa.com/color-names","#fe4eda"
"1681935704-564","https://www.colorhexa.com/color-names","#50404d"
"1681935704-565","https://www.colorhexa.com/color-names","#5d8aa8"
"1681935704-566","https://www.colorhexa.com/color-names","#ff355e"
"1681935704-567","https://www.colorhexa.com/color-names","#e30b5d"
"1681935704-568","https://www.colorhexa.com/color-names","#915f6d"
"1681935704-569","https://www.colorhexa.com/color-names","#e25098"
"1681935704-570","https://www.colorhexa.com/color-names","#b3446c"
"1681935704-571","https://www.colorhexa.com/color-names","#d68a59"
"1681935704-572","https://www.colorhexa.com/color-names","#ff33cc"
"1681935704-573","https://www.colorhexa.com/color-names","#e3256b"
"1681935704-574","https://www.colorhexa.com/color-names","#ff0000"
"1681935704-575","https://www.colorhexa.com/color-names","#ff5349"
"1681935704-576","https://www.colorhexa.com/color-names","#a52a2a"
"1681935704-577","https://www.colorhexa.com/color-names","#c71585"
"1681935704-578","https://www.colorhexa.com/color-names","#004040"
"1681935704-579","https://www.colorhexa.com/color-names","#d70040"
"1681935704-580","https://www.colorhexa.com/color-names","#0892d0"
"1681935704-581","https://www.colorhexa.com/color-names","#b666d2"
"1681935704-582","https://www.colorhexa.com/color-names","#b03060"
"1681935704-583","https://www.colorhexa.com/color-names","#414833"
"1681935704-584","https://www.colorhexa.com/color-names","#1fcecb"
"1681935704-585","https://www.colorhexa.com/color-names","#ff007f"
"1681935704-586","https://www.colorhexa.com/color-names","#f9429e"
"1681935704-587","https://www.colorhexa.com/color-names","#674846"
"1681935704-588","https://www.colorhexa.com/color-names","#b76e79"
"1681935704-589","https://www.colorhexa.com/color-names","#e32636"
"1681935704-590","https://www.colorhexa.com/color-names","#ff66cc"
"1681935704-591","https://www.colorhexa.com/color-names","#aa98a9"
"1681935704-592","https://www.colorhexa.com/color-names","#905d5d"
"1681935704-593","https://www.colorhexa.com/color-names","#ab4e52"
"1681935704-594","https://www.colorhexa.com/color-names","#65000b"
"1681935704-595","https://www.colorhexa.com/color-names","#d40000"
"1681935704-596","https://www.colorhexa.com/color-names","#bc8f8f"
"1681935704-597","https://www.colorhexa.com/color-names","#0038a8"
"1681935704-598","https://www.colorhexa.com/color-names","#4169e1"
"1681935704-599","https://www.colorhexa.com/color-names","#ca2c92"
"1681935704-600","https://www.colorhexa.com/color-names","#7851a9"
"1681935704-601","https://www.colorhexa.com/color-names","#e0115f"
"1681935704-602","https://www.colorhexa.com/color-names","#ff0028"
"1681935704-603","https://www.colorhexa.com/color-names","#bb6528"
"1681935704-604","https://www.colorhexa.com/color-names","#e18e96"
"1681935704-605","https://www.colorhexa.com/color-names","#a81c07"
"1681935704-606","https://www.colorhexa.com/color-names","#80461b"
"1681935704-607","https://www.colorhexa.com/color-names","#b7410e"
"1681935704-608","https://www.colorhexa.com/color-names","#00563f"
"1681935704-609","https://www.colorhexa.com/color-names","#8b4513"
"1681935704-610","https://www.colorhexa.com/color-names","#ff6700"
"1681935704-611","https://www.colorhexa.com/color-names","#f4c430"
"1681935704-612","https://www.colorhexa.com/color-names","#23297a"
"1681935704-613","https://www.colorhexa.com/color-names","#ff8c69"
"1681935704-614","https://www.colorhexa.com/color-names","#ff91a4"
"1681935704-615","https://www.colorhexa.com/color-names","#c2b280"
"1681935704-616","https://www.colorhexa.com/color-names","#967117"
"1681935704-617","https://www.colorhexa.com/color-names","#ecd540"
"1681935704-618","https://www.colorhexa.com/color-names","#f4a460"
"1681935704-619","https://www.colorhexa.com/color-names","#967117"
"1681935704-620","https://www.colorhexa.com/color-names","#507d2a"
"1681935704-621","https://www.colorhexa.com/color-names","#0f52ba"
"1681935704-622","https://www.colorhexa.com/color-names","#cba135"
"1681935704-623","https://www.colorhexa.com/color-names","#ff2400"
"1681935704-624","https://www.colorhexa.com/color-names","#ffd800"
"1681935704-625","https://www.colorhexa.com/color-names","#76ff7a"
"1681935704-626","https://www.colorhexa.com/color-names","#006994"
"1681935704-627","https://www.colorhexa.com/color-names","#2e8b57"
"1681935704-628","https://www.colorhexa.com/color-names","#321414"
"1681935704-629","https://www.colorhexa.com/color-names","#fff5ee"
"1681935704-630","https://www.colorhexa.com/color-names","#ffba00"
"1681935704-631","https://www.colorhexa.com/color-names","#704214"
"1681935704-632","https://www.colorhexa.com/color-names","#8a795d"
"1681935704-633","https://www.colorhexa.com/color-names","#45cea2"
"1681935704-634","https://www.colorhexa.com/color-names","#009e60"
"1681935704-635","https://www.colorhexa.com/color-names","#fc0fc0"
"1681935704-636","https://www.colorhexa.com/color-names","#882d17"
"1681935704-637","https://www.colorhexa.com/color-names","#c0c0c0"
"1681935704-638","https://www.colorhexa.com/color-names","#cb410b"
"1681935704-639","https://www.colorhexa.com/color-names","#007474"
"1681935704-640","https://www.colorhexa.com/color-names","#87ceeb"
"1681935704-641","https://www.colorhexa.com/color-names","#cf71af"
"1681935704-642","https://www.colorhexa.com/color-names","#6a5acd"
"1681935704-643","https://www.colorhexa.com/color-names","#708090"
"1681935704-644","https://www.colorhexa.com/color-names","#003399"
"1681935704-645","https://www.colorhexa.com/color-names","#933d41"
"1681935704-646","https://www.colorhexa.com/color-names","#100c08"
"1681935704-647","https://www.colorhexa.com/color-names","#fffafa"
"1681935704-648","https://www.colorhexa.com/color-names","#0fc0fc"
"1681935704-649","https://www.colorhexa.com/color-names","#a7fc00"
"1681935704-650","https://www.colorhexa.com/color-names","#00ff7f"
"1681935704-651","https://www.colorhexa.com/color-names","#4682b4"
"1681935704-652","https://www.colorhexa.com/color-names","#fada5e"
"1681935704-653","https://www.colorhexa.com/color-names","#990000"
"1681935704-654","https://www.colorhexa.com/color-names","#008080"
"1681935704-655","https://www.colorhexa.com/color-names","#e4d96f"
"1681935704-656","https://www.colorhexa.com/color-names","#ffcc33"
"1681935704-657","https://www.colorhexa.com/color-names","#fad6a5"
"1681935704-658","https://www.colorhexa.com/color-names","#fd5e53"
"1681935704-659","https://www.colorhexa.com/color-names","#d2b48c"
"1681935704-660","https://www.colorhexa.com/color-names","#f94d00"
"1681935704-661","https://www.colorhexa.com/color-names","#f28500"
"1681935704-662","https://www.colorhexa.com/color-names","#ffcc00"
"1681935704-663","https://www.colorhexa.com/color-names","#483c32"
"1681935704-664","https://www.colorhexa.com/color-names","#8b8589"
"1681935704-665","https://www.colorhexa.com/color-names","#cd5700"
"1681935704-666","https://www.colorhexa.com/color-names","#d0f0c0"
"1681935704-667","https://www.colorhexa.com/color-names","#f4c2c2"
"1681935704-668","https://www.colorhexa.com/color-names","#008080"
"1681935704-669","https://www.colorhexa.com/color-names","#367588"
"1681935704-670","https://www.colorhexa.com/color-names","#006d5b"
"1681935704-671","https://www.colorhexa.com/color-names","#e2725b"
"1681935704-672","https://www.colorhexa.com/color-names","#d8bfd8"
"1681935704-673","https://www.colorhexa.com/color-names","#de6fa1"
"1681935704-674","https://www.colorhexa.com/color-names","#fc89ac"
"1681935704-675","https://www.colorhexa.com/color-names","#0abab5"
"1681935704-676","https://www.colorhexa.com/color-names","#e08d3c"
"1681935704-677","https://www.colorhexa.com/color-names","#dbd7d2"
"1681935704-678","https://www.colorhexa.com/color-names","#eee600"
"1681935704-679","https://www.colorhexa.com/color-names","#ff6347"
"1681935704-680","https://www.colorhexa.com/color-names","#746cc0"
"1681935704-681","https://www.colorhexa.com/color-names","#ffc87c"
"1681935704-682","https://www.colorhexa.com/color-names","#fd0e35"
"1681935704-683","https://www.colorhexa.com/color-names","#808080"
"1681935704-684","https://www.colorhexa.com/color-names","#00755e"
"1681935704-685","https://www.colorhexa.com/color-names","#0073cf"
"1681935704-686","https://www.colorhexa.com/color-names","#417dc1"
"1681935704-687","https://www.colorhexa.com/color-names","#deaa88"
"1681935704-688","https://www.colorhexa.com/color-names","#b57281"
"1681935704-689","https://www.colorhexa.com/color-names","#30d5c8"
"1681935704-690","https://www.colorhexa.com/color-names","#00ffef"
"1681935704-691","https://www.colorhexa.com/color-names","#a0d6b4"
"1681935704-692","https://www.colorhexa.com/color-names","#66424d"
"1681935704-693","https://www.colorhexa.com/color-names","#8a496b"
"1681935704-694","https://www.colorhexa.com/color-names","#66023c"
"1681935704-695","https://www.colorhexa.com/color-names","#0033aa"
"1681935704-696","https://www.colorhexa.com/color-names","#d9004c"
"1681935704-697","https://www.colorhexa.com/color-names","#536895"
"1681935704-698","https://www.colorhexa.com/color-names","#ffb300"
"1681935704-699","https://www.colorhexa.com/color-names","#3cd070"
"1681935704-700","https://www.colorhexa.com/color-names","#014421"
"1681935704-701","https://www.colorhexa.com/color-names","#7b1113"
"1681935704-702","https://www.colorhexa.com/color-names","#990000"
"1681935704-703","https://www.colorhexa.com/color-names","#ffcc00"
"1681935704-704","https://www.colorhexa.com/color-names","#8878c3"
"1681935704-705","https://www.colorhexa.com/color-names","#ff6fff"
"1681935704-706","https://www.colorhexa.com/color-names","#120a8f"
"1681935704-707","https://www.colorhexa.com/color-names","#4166f5"
"1681935704-708","https://www.colorhexa.com/color-names","#635147"
"1681935704-709","https://www.colorhexa.com/color-names","#5b92e5"
"1681935704-710","https://www.colorhexa.com/color-names","#b78727"
"1681935704-711","https://www.colorhexa.com/color-names","#ffff66"
"1681935704-712","https://www.colorhexa.com/color-names","#ae2029"
"1681935704-713","https://www.colorhexa.com/color-names","#e1ad21"
"1681935704-714","https://www.colorhexa.com/color-names","#d3003f"
"1681935704-715","https://www.colorhexa.com/color-names","#f3e5ab"
"1681935704-716","https://www.colorhexa.com/color-names","#c5b358"
"1681935704-717","https://www.colorhexa.com/color-names","#c80815"
"1681935704-718","https://www.colorhexa.com/color-names","#43b3ae"
"1681935704-719","https://www.colorhexa.com/color-names","#e34234"
"1681935704-720","https://www.colorhexa.com/color-names","#a020f0"
"1681935704-721","https://www.colorhexa.com/color-names","#ee82ee"
"1681935704-722","https://www.colorhexa.com/color-names","#324ab2"
"1681935704-723","https://www.colorhexa.com/color-names","#f75394"
"1681935704-724","https://www.colorhexa.com/color-names","#40826d"
"1681935704-725","https://www.colorhexa.com/color-names","#922724"
"1681935704-726","https://www.colorhexa.com/color-names","#9f1d35"
"1681935704-727","https://www.colorhexa.com/color-names","#da1d81"
"1681935704-728","https://www.colorhexa.com/color-names","#ffa089"
"1681935704-729","https://www.colorhexa.com/color-names","#9f00ff"
"1681935704-730","https://www.colorhexa.com/color-names","#004242"
"1681935704-731","https://www.colorhexa.com/color-names","#00ffff"
"1681935704-732","https://www.colorhexa.com/color-names","#645452"
"1681935704-733","https://www.colorhexa.com/color-names","#f5deb3"
"1681935704-734","https://www.colorhexa.com/color-names","#ffffff"
"1681935704-735","https://www.colorhexa.com/color-names","#f5f5f5"
"1681935704-736","https://www.colorhexa.com/color-names","#ff43a4"
"1681935704-737","https://www.colorhexa.com/color-names","#fc6c85"
"1681935704-738","https://www.colorhexa.com/color-names","#a2add0"
"1681935704-739","https://www.colorhexa.com/color-names","#722f37"
"1681935704-740","https://www.colorhexa.com/color-names","#c9a0dc"
"1681935704-741","https://www.colorhexa.com/color-names","#738678"
"1681935704-742","https://www.colorhexa.com/color-names","#0f4d92"
"1681935704-743","https://www.colorhexa.com/color-names","#ffff00"
"1681935704-744","https://www.colorhexa.com/color-names","#ffae42"
"1681935704-745","https://www.colorhexa.com/color-names","#9acd32"
"1681935704-746","https://www.colorhexa.com/color-names","#0014a8"
"1681935704-747","https://www.colorhexa.com/color-names","#2c1608"
